,ID,Area Category,Rank Area Category,Luas Tanah (m2),Luas Bangunan (m2),Jumlah Kamar,Jumlah Km Mandi,Tingkat/Lantai,Harga rata2 Komunitas,Harga Dipasarkan (dari Owner),Harga Terjual,Terjual/Belum,Encode Terjual/Belum,Status Kepemilikan,Rank Status Kepemilikan,Arah Hadap Rumah,Rank Arah Hadap Rumah,Posisi Rumah,Rank Posisi Rumah,Lebar Jalan Depan Rumah (ROW),Pemilik Butuh Uang (Urgent),Encode Butuh Uang,Umur Bangunan,Siap Huni (Y/N),Furnish  (Y/N),Encode Furnish,Listed Berapa Lama,Encode Listed,Fasilitas Publik
0,,3,3,72.0,69.0,2,2,2.0,1400.0,1350.0,0.0,0,"
",4,4,3,3,5,6,2,0,0.0,1.0,1,0,0,2,20.0,2
1,,2,2,60.0,90.0,3,2,2.0,1000.0,1125.0,0.0,0,0,2,3,3,3,5,6,2,0,0.0,1.0,1,0,0,2,20.0,2
2,,2,2,210.0,100.0,4,2,1.0,2400.0,1999.0,0.0,0,0,3,5,2,2,5,6,3,1,1.0,2.0,1,0,0,2,20.0,2
3,,2,2,120.0,54.0,3,1,1.0,800.0,850.0,0.0,0,0,3,5,3,3,5,6,3,0,0.0,3.0,0,0,0,2,20.0,2
4,,2,2,60.0,90.0,3,2,2.0,800.0,1175.0,1025.0,1,1,4,4,3,3,5,6,3,0,0.0,1.0,1,0,0,2,20.0,2
5,,2,2,233.0,177.0,5,3,2.0,2000.0,3700.0,0.0,0,0,4,4,3,3,4,4,2,0,0.0,2.0,1,0,0,2,20.0,2
6,,2,2,84.0,120.0,3,2,2.0,1000.0,1300.0,1200.0,1,1,2,3,4,4,5,6,3,1,1.0,1.0,1,0,0,2,20.0,2
7,,2,2,120.0,100.0,2,1,1.0,1150.0,1300.0,0.0,0,0,4,4,4,4,5,6,3,0,0.0,2.0,1,0,0,2,20.0,2
8,,2,2,120.0,70.0,3,1,1.0,1150.0,1350.0,0.0,0,0,3,5,4,4,5,6,2,0,0.0,2.0,1,1,1,2,20.0,2
9,,2,2,122.5,94.0,3,2,1.0,1200.0,1250.0,0.0,0,0,3,5,2,2,5,6,2,0,0.0,2.0,0,0,0,2,20.0,2
10,,3,3,180.0,220.0,4,3,2.0,3500.0,3600.0,0.0,0,0,4,4,2,2,5,6,3,1,1.0,2.0,1,1,1,1,8.0,1
11,,3,3,210.0,170.0,3,2,1.0,2500.0,2300.0,1900.0,1,1,2,3,2,2,5,6,3,1,1.0,3.0,0,0,0,2,20.0,1
12,,2,2,136.0,138.0,4,4,2.0,2000.0,2600.0,0.0,0,0,4,4,3,3,5,6,3,0,0.0,2.0,1,1,1,2,20.0,0
13,,2,2,200.0,258.0,4,3,2.0,2500.0,3750.0,0.0,0,0,3,5,2,2,5,6,3,0,0.0,2.0,0,1,1,2,20.0,0
14,,3,3,120.0,124.0,4,4,2.0,2000.0,2500.0,0.0,0,0,4,4,2,2,5,6,3,0,0.0,2.0,1,0,0,1,8.0,1
15,,2,2,135.0,240.0,4,4,2.0,1500.0,2100.0,0.0,0,0,3,5,2,2,5,6,2,0,0.0,2.0,1,1,1,1,8.0,2
16,,3,3,372.0,400.0,5,4,2.0,10000.0,15500.0,0.0,0,0,3,5,2,2,4,4,3,0,0.0,2.0,1,0,0,1,8.0,1
17,,3,3,166.0,210.0,5,4,2.0,3000.0,3400.0,0.0,0,0,3,5,2,2,5,6,3,0,0.0,1.0,1,0,0,1,8.0,1
18,,3,3,90.0,85.0,3,3,2.0,1850.0,1800.0,0.0,0,0,4,4,4,4,5,6,3,0,0.0,1.0,1,0,0,2,20.0,3
19,,3,3,50.0,45.0,1,2,2.0,900.0,950.0,0.0,0,0,4,4,2,2,5,6,3,0,0.0,1.0,1,0,0,2,20.0,3
20,,3,3,50.0,45.0,1,2,2.0,900.0,983.3,869.93,1,1,4,4,2,2,5,6,3,0,0.0,1.0,1,1,1,2,20.0,3
21,,3,3,105.0,96.0,3,3,2.0,1600.0,1900.0,0.0,0,0,2,3,2,2,5,6,3,0,0.0,1.0,1,0,0,2,20.0,3
22,,3,3,55.0,45.0,1,2,2.0,1000.0,1022.7,905.43,1,1,4,4,2,2,5,6,3,0,0.0,1.0,1,1,1,2,20.0,3
23,,3,3,55.0,45.0,1,2,2.0,1000.0,900.0,0.0,0,0,2,3,4,4,5,6,3,0,0.0,1.0,1,0,0,2,20.0,3
24,,3,3,50.0,53.0,2,2,2.0,1000.0,1020.5,903.45,1,1,4,4,3,3,5,6,3,0,0.0,1.0,1,1,1,2,20.0,3
25,,3,3,72.0,69.0,2,2,2.0,1200.0,1400.0,0.0,0,0,2,3,3,3,5,6,3,0,0.0,1.0,1,0,0,2,20.0,3
26,,2,2,72.0,46.0,2,1,1.0,1000.0,1085.2,961.68,1,1,4,4,4,4,5,6,3,0,0.0,1.0,1,1,1,2,20.0,2
27,,2,2,72.0,46.0,2,1,1.0,1000.0,900.0,0.0,0,0,4,4,2,2,5,6,3,0,0.0,1.0,1,0,0,2,20.0,2
28,,2,2,72.0,46.0,2,1,1.0,1000.0,1025.2,907.68,1,1,4,4,2,2,5,6,3,0,0.0,1.0,1,1,1,2,20.0,2
29,,2,2,72.0,46.0,2,1,1.0,1000.0,1000.0,0.0,0,0,4,4,3,3,5,6,3,0,0.0,1.0,1,0,0,2,20.0,2
30,,2,2,90.0,70.0,2,2,2.0,1400.0,1600.0,0.0,0,0,4,4,3,3,5,6,3,0,0.0,1.0,1,0,0,2,20.0,2
31,,2,2,72.0,46.0,2,1,1.0,800.0,825.0,0.0,0,0,4,4,3,3,5,6,3,0,0.0,1.0,1,0,0,2,20.0,2
32,,3,3,210.0,280.0,4,4,2.0,3250.0,4000.0,3150.0,1,1,4,4,4,4,5,6,3,1,1.0,1.0,1,0,0,2,20.0,1
33,,3,3,210.0,84.0,4,2,2.0,3000.0,3500.0,0.0,0,0,2,3,3,3,5,6,3,0,0.0,2.0,1,0,0,2,20.0,1
34,,4,4,450.0,650.0,6,5,2.0,12000.0,13900.0,0.0,0,0,3,5,2,2,2,3,3,0,0.0,1.0,1,0,0,1,8.0,1
35,,2,2,90.0,135.0,4,4,2.0,1800.0,2000.0,0.0,0,0,4,4,3,3,5,6,3,0,0.0,2.0,1,0,0,2,20.0,1
36,,2,2,200.0,350.0,5,2,2.0,3500.0,4400.0,0.0,0,0,3,5,4,4,5,6,3,0,0.0,2.0,1,0,0,1,8.0,2
37,,2,2,200.0,135.0,4,2,1.0,3000.0,3200.0,0.0,0,0,3,5,4,4,5,6,3,0,0.0,3.0,0,0,0,1,8.0,2
38,,3,3,766.0,540.0,6,5,2.0,14000.0,16000.0,0.0,0,0,4,4,2,2,4,4,3,0,0.0,3.0,1,0,0,2,20.0,2
39,,2,2,90.0,48.0,2,1,1.0,900.0,800.0,0.0,0,0,3,5,3,3,5,6,3,0,0.0,2.0,1,0,0,1,8.0,1
40,,3,3,300.0,250.0,5,3,1.0,3300.0,3500.0,3000.0,1,1,3,5,2,2,5,6,3,1,1.0,3.0,1,0,0,2,20.0,2
41,,2,2,60.0,40.0,2,1,1.0,400.0,500.0,0.0,0,0,2,3,3,3,5,6,2,0,0.0,1.0,1,0,0,1,8.0,2
42,,2,2,150.0,122.0,3,2,1.0,2800.0,3500.0,0.0,0,0,3,5,1,1,5,6,3,0,0.0,3.0,0,0,0,2,20.0,2
43,,3,3,265.0,236.0,5,4,2.0,6000.0,6500.0,0.0,0,0,4,4,2,2,5,6,3,0,0.0,2.0,1,1,1,1,8.0,2
44,,2,2,113.0,100.0,3,2,2.0,1250.0,1500.0,1250.0,1,1,3,5,4,4,5,6,3,0,0.0,1.0,1,0,0,1,8.0,1
45,,2,2,72.0,140.0,3,3,2.0,1000.0,1300.0,0.0,0,0,3,5,2,2,5,6,2,0,0.0,1.0,1,0,0,2,20.0,2
46,,2,2,165.0,330.0,4,3,2.0,2500.0,2750.0,0.0,0,0,3,5,3,3,5,6,3,0,0.0,1.0,1,0,0,1,8.0,1
47,,2,2,217.0,100.0,5,2,2.0,1300.0,1400.0,0.0,0,0,3,5,3,3,5,6,3,0,0.0,2.0,1,0,0,1,8.0,1
48,,2,2,105.0,70.0,2,1,1.0,700.0,899.0,0.0,0,0,3,5,1,1,5,6,3,0,0.0,2.0,1,0,0,2,20.0,1
49,,2,2,91.0,150.0,5,4,2.0,1500.0,1650.0,0.0,0,0,3,5,3,3,4,4,3,0,0.0,1.0,1,0,0,2,20.0,2
50,,2,2,80.0,125.0,4,4,2.0,1300.0,1550.0,0.0,0,0,3,5,1,1,5,6,3,0,0.0,1.0,1,0,0,2,20.0,2
51,,2,2,445.0,500.0,6,5,2.0,6500.0,8000.0,0.0,0,0,3,5,3,3,4,4,3,0,0.0,2.0,1,0,0,2,20.0,1
52,,2,2,140.0,200.0,4,3,2.0,2500.0,2700.0,0.0,0,0,3,5,2,2,5,6,3,0,0.0,1.0,1,0,0,2,20.0,2
53,,2,2,105.0,60.0,2,1,1.0,1200.0,1200.0,0.0,0,0,4,4,4,4,5,6,3,0,0.0,2.0,1,0,0,1,8.0,2
54,,2,2,72.0,54.0,2,1,1.0,1000.0,1100.0,0.0,0,0,4,4,2,2,5,6,3,0,0.0,2.0,1,0,0,1,8.0,2
55,,2,2,105.0,90.0,3,2,2.0,1300.0,1600.0,0.0,0,0,4,4,3,3,5,6,3,0,0.0,1.0,1,0,0,1,8.0,2
56,,2,2,200.0,198.0,5,4,2.0,3000.0,3100.0,0.0,0,0,4,4,3,3,5,6,3,0,0.0,1.0,1,0,0,1,8.0,2
57,,3,3,150.0,170.0,4,4,2.0,2500.0,2300.0,2000.0,1,1,3,5,2,2,5,6,3,1,1.0,2.0,1,0,0,1,8.0,1
58,,2,2,100.0,100.0,4,3,2.0,1000.0,1500.0,0.0,0,0,4,4,3,3,5,6,3,0,0.0,1.0,1,1,1,1,8.0,2
59,,3,3,72.0,84.0,3,2,2.0,1500.0,1800.0,1400.0,1,1,3,5,3,3,5,6,3,1,1.0,1.0,1,1,1,1,8.0,1
60,,2,2,60.0,77.0,2,2,2.0,1100.0,1200.0,0.0,0,0,4,4,3,3,5,6,3,0,0.0,1.0,1,0,0,1,8.0,0
61,,2,2,69.0,77.0,2,2,2.0,1100.0,1200.0,0.0,0,0,4,4,3,3,5,6,3,0,0.0,1.0,1,0,0,1,8.0,0
62,,2,2,102.0,93.0,4,3,2.0,1500.0,1450.0,1250.0,1,1,4,4,2,2,5,6,3,1,1.0,1.0,1,0,0,1,8.0,0
63,,2,2,105.0,80.0,3,1,1.0,700.0,775.0,700.0,1,1,4,4,3,3,5,6,3,0,0.0,2.0,1,0,0,1,8.0,2
64,,2,2,148.5,148.5,3,3,2.0,1500.0,1750.0,1500.0,1,1,3,5,2,2,5,6,3,0,0.0,2.0,1,0,0,1,8.0,2
65,,2,2,187.0,240.0,4,4,2.0,2750.0,3100.0,0.0,0,0,3,5,4,4,4,4,3,0,0.0,2.0,1,1,1,1,8.0,2
66,,2,2,105.0,90.0,3,2,2.0,1000.0,1200.0,0.0,0,0,3,5,2,2,5,6,2,0,0.0,1.0,1,0,0,1,8.0,1
67,,3,3,264.0,350.0,7,4,2.0,4000.0,4300.0,0.0,0,0,4,4,3,3,5,6,3,0,0.0,2.0,1,1,1,1,8.0,1
68,,3,3,128.0,125.0,4,4,2.0,3750.0,4950.0,0.0,0,0,4,4,2,2,5,6,3,0,0.0,1.0,1,1,1,1,8.0,1
69,,2,2,119.0,149.0,3,1,1.0,1750.0,1700.0,1600.0,1,1,3,5,2,2,5,6,3,1,1.0,1.0,1,0,0,1,8.0,1
70,,3,3,240.0,330.0,5,4,2.0,3500.0,3700.0,0.0,0,0,3,5,2,2,5,6,3,0,0.0,1.0,1,0,0,1,8.0,2
71,,2,2,175.0,115.0,4,4,2.0,1800.0,1750.0,1500.0,1,1,3,5,3,3,5,6,2,1,1.0,1.0,1,0,0,1,8.0,2
72,,2,2,162.0,120.0,4,3,1.0,2000.0,2000.0,0.0,0,0,4,4,3,3,5,6,3,0,0.0,2.0,1,0,0,1,8.0,1
73,,2,2,200.0,280.0,5,5,2.0,3000.0,3250.0,0.0,1,1,2,3,3,3,5,6,3,0,0.0,2.0,1,1,1,1,8.0,2
74,,2,2,105.0,140.0,4,3,2.0,1500.0,1950.0,0.0,0,0,4,4,2,2,5,6,3,0,0.0,2.0,1,1,1,1,8.0,0
75,,3,3,72.0,60.0,1,2,2.0,1200.0,1275.0,0.0,0,0,4,4,3,3,5,6,3,0,0.0,1.0,1,1,1,1,8.0,2
76,,2,2,120.0,100.0,3,2,2.0,1800.0,2000.0,0.0,0,0,3,5,2,2,5,6,3,0,0.0,1.0,1,1,1,1,8.0,2
77,,2,2,135.0,145.0,4,2,2.0,2300.0,2450.0,0.0,0,0,3,5,2,2,5,6,3,0,0.0,1.0,1,0,0,1,8.0,2
78,,2,2,135.0,140.0,4,3,2.0,2300.0,2300.0,2100.0,1,1,4,4,3,3,5,6,3,1,1.0,1.0,1,1,1,1,8.0,1
79,,3,3,450.0,650.0,7,6,2.0,8000.0,8500.0,0.0,0,0,4,4,3,3,2,3,3,0,0.0,2.0,1,1,1,1,8.0,1
80,,2,2,240.0,180.0,3,2,1.0,4000.0,4200.0,0.0,0,0,3,5,4,4,5,6,3,0,0.0,2.0,1,0,0,1,8.0,2
81,,2,2,200.0,280.0,5,4,2.0,3000.0,3500.0,0.0,0,0,3,5,4,4,5,6,3,0,0.0,2.0,1,0,0,1,8.0,1
82,,2,2,140.0,280.0,5,3,2.0,1200.0,1400.0,0.0,0,0,1,1,1,1,5,6,2,0,0.0,2.0,1,0,0,1,8.0,2
83,,4,4,345.0,550.0,6,5,2.0,15000.0,16000.0,0.0,0,0,3,5,2,2,5,6,3,0,0.0,1.0,1,1,1,1,8.0,1
84,,4,4,328.0,375.0,5,5,2.0,10000.0,10000.0,0.0,0,0,3,5,2,2,5,6,3,0,0.0,2.0,1,0,0,1,8.0,1
85,,3,3,360.0,360.0,6,5,2.0,6000.0,6500.0,0.0,0,0,3,5,1,1,5,6,3,0,0.0,3.0,1,1,1,1,8.0,1
86,,2,2,88.0,70.0,2,1,1.0,500.0,750.0,0.0,0,0,4,4,1,1,5,6,2,0,0.0,1.0,1,1,1,1,8.0,1
87,,3,3,170.0,161.0,4,4,2.0,3500.0,4000.0,0.0,0,0,3,5,2,2,5,6,3,0,0.0,1.0,1,1,1,1,8.0,1
88,,3,3,162.0,150.0,4,4,2.0,4000.0,4000.0,0.0,0,0,4,4,4,4,5,6,3,0,0.0,2.0,1,1,1,1,8.0,1
89,,3,3,200.0,215.0,4,5,3.0,4500.0,5750.0,0.0,0,0,2,3,2,2,5,6,3,0,0.0,2.0,1,0,0,1,8.0,1
90,,2,2,160.0,160.0,4,3,1.0,3000.0,2800.0,0.0,0,0,3,5,1,1,5,6,3,0,0.0,2.0,1,0,0,1,8.0,2
91,,2,2,120.0,200.0,4,4,2.0,1500.0,2000.0,0.0,0,0,3,5,4,4,5,6,2,0,0.0,2.0,1,1,1,1,8.0,1
92,,3,3,164.0,140.0,4,4,2.0,4000.0,3500.0,0.0,0,0,3,5,2,2,5,6,3,0,0.0,2.0,1,1,1,1,8.0,1
93,,2,2,136.0,160.0,5,3,2.0,2800.0,2900.0,0.0,0,0,3,5,3,3,5,6,3,0,0.0,1.0,1,1,1,1,8.0,1
94,,2,2,135.0,200.0,5,4,2.0,2500.0,3000.0,0.0,0,0,3,5,3,3,5,6,3,0,0.0,2.0,1,1,1,1,8.0,1
95,,2,2,150.0,140.0,4,2,1.0,1000.0,1450.0,0.0,0,0,3,5,3,3,5,6,2,0,0.0,2.0,1,0,0,1,8.0,1
96,,2,2,135.0,120.0,3,2,1.5,1250.0,1500.0,0.0,0,0,3,5,2,2,5,6,1,0,0.0,2.0,1,1,1,1,8.0,1
97,,2,2,72.0,48.0,1,2,2.0,1300.0,1400.0,0.0,0,0,4,4,2,2,5,6,3,0,0.0,2.0,1,1,1,1,8.0,1
98,,2,2,50.0,65.0,2,1,2.0,1400.0,1300.0,0.0,0,0,4,4,2,2,5,6,3,0,0.0,1.0,1,0,0,1,8.0,2
99,,3,3,160.0,320.0,7,4,2.0,4300.0,3800.0,0.0,0,0,2,3,3,3,5,6,3,0,0.0,2.0,1,0,0,1,8.0,1
100,,3,3,180.0,240.0,5,3,2.0,4000.0,4000.0,0.0,0,0,4,4,4,4,5,6,3,0,0.0,2.0,1,0,0,1,8.0,1
101,,3,3,66.0,198.0,4,4,3.0,1900.0,1600.0,0.0,0,0,2,3,2,2,5,6,2,0,0.0,1.0,1,0,0,1,8.0,1
102,,3,3,66.0,198.0,5,5,3.0,1900.0,1600.0,0.0,0,0,2,3,2,2,5,6,2,0,0.0,1.0,1,0,0,1,8.0,1
103,,3,3,66.0,198.0,6,6,3.0,1900.0,1600.0,0.0,0,0,2,3,2,2,5,6,2,0,0.0,1.0,1,0,0,1,8.0,1
104,,3,3,218.0,280.0,4,3,2.0,3600.0,3500.0,0.0,0,0,3,5,2,2,5,6,3,0,0.0,2.0,1,1,1,1,8.0,1
105,,3,3,96.0,74.0,4,3,2.0,2200.0,2200.0,0.0,0,0,4,4,4,4,5,6,3,0,0.0,1.0,1,0,0,1,8.0,1
106,,3,3,72.0,70.0,2,2,2.0,1300.0,1325.0,0.0,0,0,3,5,3,3,5,6,3,0,0.0,1.0,1,0,0,1,8.0,1
107,,3,3,48.0,57.0,2,2,2.0,1250.0,1250.0,0.0,0,0,2,3,1,1,5,6,3,0,0.0,1.0,1,0,0,1,8.0,1
108,,3,3,345.0,540.0,6,5,2.0,5800.0,5800.0,0.0,0,0,3,5,1,1,5,6,3,0,0.0,2.0,1,0,0,1,8.0,1
109,,3,3,315.0,315.0,3,2,1.0,4000.0,3600.0,0.0,0,0,3,5,3,3,5,6,3,0,0.0,3.0,0,0,0,1,8.0,1
110,,2,2,240.0,330.0,5,4,2.0,5100.0,5300.0,0.0,0,0,3,5,2,2,5,6,3,0,0.0,1.0,1,0,0,1,8.0,1
111,,3,3,144.0,170.0,4,4,2.0,4000.0,4300.0,0.0,0,0,3,5,3,3,5,6,3,0,0.0,1.0,1,1,1,1,8.0,2
112,,4,4,360.0,500.0,6,6,2.0,8000.0,10000.0,0.0,0,0,4,4,3,3,5,6,3,0,0.0,2.0,1,1,1,1,8.0,1
113,,4,4,1554.0,1500.0,7,6,2.0,38500.0,38500.0,0.0,0,0,3,5,4,4,5,6,3,0,0.0,2.0,1,1,1,1,8.0,1
114,,2,2,105.0,170.0,5,2,2.0,1395.0,1900.0,0.0,0,0,3,5,2,2,5,6,2,0,0.0,1.0,1,0,0,1,8.0,2
115,,2,2,158.0,180.0,5,4,2.0,2400.0,2000.0,0.0,0,0,2,3,3,3,5,6,2,0,0.0,1.0,1,0,0,1,8.0,2
116,,2,2,115.0,104.0,4,3,2.0,1850.0,1850.0,0.0,0,0,4,4,3,3,5,6,2,0,0.0,2.0,1,0,0,1,8.0,2
117,,2,2,97.7,50.0,2,1,1.0,1250.0,1250.0,0.0,0,0,2,3,1,1,5,6,3,0,0.0,1.0,1,0,0,1,8.0,2
118,,2,2,105.0,69.0,3,2,2.0,1836.0,1850.0,0.0,0,0,3,5,3,3,5,6,3,0,0.0,1.0,1,0,0,1,8.0,2
119,,3,3,105.0,104.0,3,2,2.0,1900.0,1900.0,0.0,0,0,2,3,3,3,5,6,3,0,0.0,1.0,1,0,0,1,8.0,1
120,,3,3,60.0,48.0,1,2,2.0,1250.0,1200.0,0.0,0,0,4,4,2,2,5,6,3,0,0.0,1.0,1,0,0,1,8.0,1
121,,3,3,180.0,130.0,4,3,1.0,2400.0,2600.0,0.0,0,0,3,5,3,3,5,6,3,0,0.0,1.0,1,1,1,1,8.0,1
122,,2,2,286.0,262.0,5,2,1.0,4100.0,4100.0,0.0,0,0,3,5,2,2,5,6,3,0,0.0,2.0,1,0,0,1,8.0,1
123,,2,2,84.0,120.0,4,3,2.0,1300.0,1300.0,0.0,0,0,3,5,4,4,5,6,2,1,1.0,1.0,1,0,0,1,1.0,0
124,,2,2,83.0,140.0,6,1,2.0,2000.0,1700.0,0.0,0,0,3,5,1,1,3,5,2,1,1.0,3.0,0,0,0,1,6.0,1
125,,3,3,225.0,270.0,6,3,1.5,3950.0,3950.0,0.0,0,0,3,5,4,4,5,6,3,1,1.0,2.0,1,0,0,1,12.0,1
126,,4,4,345.0,300.0,5,4,3.0,7200.0,6900.0,0.0,0,0,3,5,2,2,5,6,3,1,1.0,1.0,1,1,1,1,8.0,1
127,,4,4,395.0,710.0,5,5,2.5,12000.0,11500.0,0.0,0,0,3,5,3,3,4,4,3,1,1.0,2.0,1,1,1,1,12.0,1
128,,4,4,360.0,380.0,6,4,2.0,9250.0,9250.0,0.0,0,0,3,5,4,4,5,6,3,1,1.0,3.0,1,0,0,1,12.0,1
129,,2,2,108.0,107.0,3,3,2.0,2200.0,2200.0,0.0,0,0,2,3,3,3,5,6,2,1,1.0,1.0,1,0,0,1,3.0,0
130,,2,2,135.0,250.0,9,5,2.0,1500.0,1500.0,0.0,0,0,3,5,2,2,4,4,2,1,1.0,2.0,1,0,0,1,3.0,0
131,,2,2,135.0,100.0,5,4,2.0,2500.0,2500.0,0.0,0,0,2,3,4,4,5,6,3,1,1.0,1.0,1,0,0,1,4.0,0
132,,2,2,180.0,150.0,4,3,2.0,1800.0,1950.0,0.0,0,0,3,5,3,3,5,6,2,1,1.0,2.0,1,0,0,1,3.0,0
133,,4,4,1818.0,360.0,9,8,2.0,40000.0,40000.0,0.0,0,0,3,5,4,4,5,6,3,1,1.0,3.0,1,1,1,1,2.0,1
134,,3,3,240.0,450.0,5,5,2.0,4500.0,4500.0,0.0,0,0,3,5,1,1,5,6,3,1,1.0,2.0,1,0,0,1,6.0,0
135,,3,3,368.0,200.0,4,4,2.0,4500.0,4200.0,0.0,0,0,3,5,3,3,5,6,3,1,1.0,2.0,1,0,0,1,12.0,0
136,,3,3,375.0,450.0,5,4,2.0,6000.0,6000.0,0.0,0,0,3,5,1,1,5,6,3,1,1.0,2.0,1,0,0,1,5.0,0
137,,2,2,180.0,130.0,4,2,2.0,2500.0,2500.0,0.0,0,0,3,5,1,1,5,6,3,1,1.0,2.0,1,0,0,1,7.0,1
138,,2,2,135.0,117.0,3,2,2.0,1600.0,1600.0,0.0,0,0,3,5,4,4,5,6,2,1,1.0,2.0,1,0,0,1,4.0,1
139,,2,2,84.0,106.0,2,5,2.0,1575.0,1575.0,0.0,0,0,3,5,4,4,5,6,2,1,1.0,1.0,1,0,0,1,4.0,1
140,,3,3,240.0,288.0,5,5,2.0,4750.0,4750.0,0.0,0,0,3,5,1,1,5,6,3,1,1.0,2.0,1,1,1,1,1.0,0
141,,2,2,135.0,100.0,4,3,2.0,2750.0,2750.0,0.0,0,0,4,4,4,4,5,6,3,1,1.0,2.0,1,1,1,1,2.0,0
142,,3,3,234.0,234.0,6,3,2.0,3500.0,3500.0,0.0,0,0,3,5,1,1,5,6,3,1,1.0,2.0,1,0,0,3,36.0,1
143,,2,2,66.0,135.0,4,4,3.0,1650.0,1650.0,0.0,0,0,2,3,2,2,5,6,2,1,1.0,2.0,1,0,0,2,24.0,1
144,,3,3,450.0,630.0,5,6,3.0,10500.0,10500.0,0.0,0,0,3,5,4,4,5,6,3,1,1.0,2.0,1,1,1,1,3.0,2
145,,2,2,157.0,100.0,3,2,2.0,1250.0,1250.0,0.0,0,0,3,5,2,2,5,6,2,1,1.0,2.0,1,0,0,1,12.0,1
146,,2,2,184.0,160.0,4,2,2.0,1700.0,1700.0,0.0,0,0,3,5,1,1,5,6,2,1,1.0,3.0,1,0,0,1,3.0,0
147,,2,2,200.0,200.0,7,4,2.0,3200.0,2500.0,0.0,0,0,3,5,4,4,5,6,3,1,1.0,2.0,1,1,1,1,12.0,1
148,,2,2,104.0,180.0,4,4,3.0,2500.0,2500.0,0.0,0,0,3,5,4,4,5,6,3,1,1.0,2.0,1,0,0,1,2.0,1
149,,2,2,128.0,150.0,6,4,1.5,1750.0,1750.0,0.0,0,0,3,5,1,1,5,6,2,1,1.0,3.0,1,0,0,1,3.0,1
150,,4,4,680.0,1000.0,6,5,2.0,35000.0,35000.0,0.0,0,0,3,5,1,1,5,6,3,1,1.0,2.0,1,1,1,1,2.0,2
151,,3,3,210.0,200.0,14,4,1.5,3000.0,3000.0,0.0,0,0,3,5,4,4,5,6,2,1,1.0,3.0,1,0,0,1,2.0,1
152,,3,3,60.0,120.0,3,3,2.0,4250.0,4250.0,0.0,0,0,3,5,1,1,5,6,3,1,1.0,3.0,1,0,0,1,3.0,1
153,,2,2,80.0,106.0,3,2,2.0,1500.0,1500.0,0.0,0,0,3,5,1,1,5,6,3,1,1.0,1.0,1,0,0,1,1.0,1
154,,4,4,900.0,1100.0,5,6,2.0,58000.0,58000.0,0.0,0,0,3,5,4,4,5,6,3,1,1.0,1.0,1,1,1,1,2.0,1
155,,2,2,112.0,200.0,5,4,2.0,3350.0,3350.0,0.0,0,0,3,5,2,2,5,6,3,1,1.0,1.0,1,1,1,1,2.0,1
156,,2,2,97.0,50.0,2,1,1.0,1149.0,1149.0,0.0,0,0,2,3,4,4,5,6,2,1,1.0,1.0,1,0,0,1,2.0,0
157,,2,2,180.0,153.0,4,1,1.5,1600.0,1600.0,0.0,0,0,3,5,1,1,5,6,3,1,1.0,2.0,1,0,0,1,5.0,0
158,,3,3,630.0,700.0,5,5,2.0,5500.0,5500.0,0.0,0,0,3,5,1,1,5,6,3,1,1.0,2.0,1,1,1,1,2.0,0
159,,2,2,120.0,125.0,4,2,2.0,2000.0,1800.0,0.0,0,0,2,3,4,4,5,6,2,1,1.0,1.0,1,0,0,1,2.0,0
160,,2,2,122.0,167.0,4,4,2.0,2300.0,2300.0,0.0,0,0,3,5,3,3,5,6,3,1,1.0,1.0,1,0,0,1,2.0,0
161,,2,2,134.0,200.0,6,4,2.0,1800.0,1600.0,0.0,0,0,3,5,4,4,4,4,3,1,1.0,2.0,1,0,0,1,3.0,0
162,,2,2,153.0,240.0,5,5,2.0,2950.0,2950.0,0.0,0,0,3,5,4,4,5,6,3,1,1.0,2.0,1,0,0,1,3.0,0
163,,2,2,210.0,180.0,4,3,2.0,2800.0,2800.0,0.0,0,0,3,5,2,2,5,6,3,1,1.0,2.0,1,0,0,1,2.0,1
164,,2,2,180.0,130.0,4,2,2.0,1600.0,1600.0,0.0,0,0,3,5,1,1,4,4,2,1,1.0,2.0,1,0,0,1,4.0,0
165,,3,3,400.0,300.0,8,7,2.0,6500.0,6500.0,0.0,0,0,3,5,4,4,5,6,3,1,1.0,2.0,1,0,0,1,3.0,2
166,,3,3,162.0,245.0,5,4,2.0,3000.0,2900.0,0.0,0,0,2,3,4,4,5,6,3,1,1.0,1.0,1,1,1,1,1.0,0
167,,3,3,240.0,280.0,5,4,2.0,5500.0,5000.0,0.0,0,0,3,5,1,1,5,6,3,1,1.0,1.0,1,1,1,1,1.0,0
168,,3,3,234.0,270.0,5,5,2.0,4350.0,4500.0,0.0,0,0,3,5,2,2,5,6,3,1,1.0,2.0,1,0,0,1,2.0,0
169,,3,3,240.0,288.0,5,5,2.0,4750.0,4750.0,0.0,0,0,3,5,3,3,5,6,3,1,1.0,2.0,1,1,1,1,2.0,1
170,,2,2,96.0,137.0,4,4,2.0,1700.0,1700.0,0.0,0,0,3,5,4,4,5,6,3,1,1.0,1.0,1,1,1,1,3.0,0
171,,3,3,210.0,118.0,4,3,1.0,3100.0,3100.0,0.0,0,0,3,5,1,1,5,6,3,1,1.0,1.0,1,0,0,1,2.0,0
172,,2,2,180.0,100.0,3,2,1.0,2150.0,2150.0,0.0,0,0,3,5,2,2,5,6,2,1,1.0,3.0,0,0,0,1,6.0,0
173,,3,3,144.0,150.0,4,3,2.0,3000.0,3000.0,0.0,0,0,3,5,2,2,5,6,3,1,1.0,2.0,1,0,0,1,5.0,2
174,,4,4,1200.0,2000.0,36,36,3.0,15000.0,13000.0,0.0,0,0,3,5,1,1,5,6,3,1,1.0,2.0,1,1,1,1,7.0,2
175,,3,3,187.0,250.0,5,5,2.0,3300.0,3100.0,0.0,0,0,3,5,3,3,5,6,3,1,1.0,1.0,1,1,1,1,3.0,0
176,,2,2,75.0,120.0,3,3,2.0,1400.0,1400.0,0.0,0,0,3,5,1,1,5,6,2,1,1.0,1.0,1,0,0,1,1.0,0
177,,3,3,210.0,350.0,5,6,2.0,5250.0,5250.0,0.0,0,0,2,3,1,1,5,6,3,1,1.0,1.0,1,0,0,1,1.0,0
178,,4,4,420.0,700.0,5,6,2.0,9500.0,9500.0,0.0,0,0,3,5,2,2,5,6,3,1,1.0,2.0,1,1,1,1,5.0,0
179,,4,4,360.0,450.0,5,6,2.0,8500.0,8500.0,0.0,0,0,3,5,4,4,4,4,3,1,1.0,1.0,1,0,0,1,4.0,0
180,,3,3,248.0,300.0,5,5,2.0,4750.0,5000.0,0.0,0,0,3,5,4,4,4,4,3,1,1.0,1.0,1,0,0,1,2.0,0
181,,3,3,200.0,280.0,4,4,2.0,3850.0,3850.0,0.0,0,0,3,5,1,1,5,6,3,1,1.0,2.0,1,1,1,1,5.0,1
182,,2,2,135.0,185.0,5,4,2.0,2600.0,2600.0,0.0,0,0,3,5,1,1,5,6,3,1,1.0,2.0,1,0,0,1,1.0,0
183,,4,4,310.0,425.0,5,4,2.0,9000.0,8500.0,0.0,0,0,3,5,4,4,4,4,3,1,1.0,2.0,1,0,0,1,4.0,1
184,,2,2,84.0,70.0,3,2,2.0,990.0,990.0,0.0,0,0,3,5,4,4,5,6,3,1,1.0,1.0,1,0,0,1,1.0,0
185,,3,3,201.0,225.0,6,5,2.0,4900.0,4900.0,0.0,0,0,3,5,4,4,5,6,3,1,1.0,2.0,1,0,0,1,1.0,0
186,,2,2,90.0,100.0,3,2,1.5,1000.0,1000.0,0.0,0,0,3,5,2,2,5,6,2,1,1.0,2.0,1,0,0,1,4.0,0
187,,1,1,72.0,50.0,2,1,1.0,575.0,575.0,0.0,0,0,3,5,1,1,5,6,2,1,1.0,1.0,1,0,0,1,1.0,0
188,,1,1,72.0,93.0,2,1,1.5,450.0,450.0,0.0,0,0,3,5,2,2,5,6,2,1,1.0,3.0,1,0,0,1,5.0,0
189,,2,2,180.0,146.0,4,3,2.0,2500.0,2500.0,0.0,0,0,3,5,3,3,5,6,3,1,1.0,2.0,1,0,0,1,2.0,2
190,,2,2,78.0,50.0,2,1,1.0,975.0,975.0,0.0,0,0,3,5,3,3,5,6,3,1,1.0,2.0,1,0,0,1,3.0,0
191,,2,2,205.0,203.0,4,2,2.0,1150.0,1150.0,0.0,0,0,3,5,3,3,5,6,2,1,1.0,2.0,0,0,0,1,12.0,1
192,,3,3,198.0,350.0,7,4,2.0,3400.0,3400.0,0.0,0,0,3,5,4,4,1,1,3,1,1.0,2.0,1,1,1,1,4.0,2
193,,3,3,198.0,350.0,6,6,2.0,3600.0,3600.0,0.0,0,0,3,5,2,2,5,6,3,1,1.0,2.0,1,1,1,1,2.0,1
194,,3,3,280.0,222.0,4,2,2.0,3500.0,3100.0,0.0,0,0,4,4,4,4,5,6,3,1,1.0,3.0,0,0,0,1,1.0,1
195,,4,4,304.0,330.0,5,4,2.0,6000.0,6000.0,0.0,0,0,3,5,1,1,5,6,3,1,1.0,2.0,1,1,1,1,1.0,0
196,,2,2,100.0,160.0,4,3,2.0,1250.0,1250.0,0.0,0,0,3,5,4,4,5,6,2,1,1.0,1.0,1,1,1,1,1.0,1
197,,4,4,312.0,475.0,6,7,2.5,6700.0,6700.0,0.0,0,0,4,4,2,2,5,6,3,1,1.0,2.0,1,1,1,1,2.0,1
198,,4,4,360.0,380.0,6,4,3.0,8700.0,8700.0,0.0,0,0,3,5,4,4,5,6,3,1,1.0,2.0,1,0,0,1,2.0,1
199,,2,2,400.0,250.0,4,1,1.0,2500.0,2500.0,0.0,0,0,3,5,4,4,5,6,2,1,1.0,2.0,1,0,0,1,2.0,0
200,,2,2,72.0,50.0,1,2,1.0,1400.0,1400.0,0.0,0,0,3,5,4,4,5,6,2,1,1.0,1.0,1,0,0,1,2.0,0
201,,2,2,144.0,120.0,4,2,1.5,2200.0,2200.0,0.0,0,0,3,5,3,3,5,6,3,1,1.0,1.0,1,1,1,1,2.0,0
202,,2,2,105.0,80.0,3,2,1.5,1250.0,1250.0,0.0,0,0,3,5,3,3,5,6,3,1,1.0,1.0,1,0,0,1,1.0,0
203,,3,3,375.0,353.0,4,3,2.0,4000.0,4000.0,0.0,0,0,3,5,3,3,5,6,3,1,1.0,3.0,0,0,0,1,2.0,0
204,,3,3,352.0,500.0,6,4,3.0,6500.0,6500.0,0.0,0,0,3,5,4,4,5,6,3,1,1.0,2.0,1,1,1,1,4.0,0
205,,2,2,135.0,170.0,5,4,2.0,2850.0,2850.0,0.0,0,0,3,5,4,4,5,6,2,1,1.0,2.0,1,0,0,1,2.0,0
206,,4,4,300.0,312.0,5,5,2.0,12000.0,12000.0,0.0,0,0,2,3,2,2,5,6,3,1,1.0,2.0,1,1,1,1,2.0,0
207,,3,3,240.0,200.0,6,3,2.0,3300.0,3300.0,0.0,0,0,3,5,2,2,5,6,3,1,1.0,1.0,1,0,0,1,1.0,1
208,,4,4,375.0,400.0,5,4,2.0,8500.0,8500.0,0.0,0,0,4,4,3,3,5,6,3,1,1.0,1.0,1,0,0,1,1.0,0
209,,2,2,138.0,138.0,3,2,1.0,1650.0,1650.0,0.0,0,0,3,5,2,2,5,6,2,1,1.0,2.0,1,0,0,1,1.0,0
210,,3,3,350.0,450.0,6,3,2.0,4700.0,4700.0,0.0,0,0,3,5,2,2,4,4,2,1,1.0,2.0,1,0,0,1,1.0,2
211,,3,3,397.0,297.0,7,4,2.0,6800.0,6800.0,0.0,0,0,4,4,1,1,5,6,3,1,1.0,2.0,1,0,0,1,1.0,0
212,,3,3,198.0,350.0,7,4,2.0,3400.0,3400.0,0.0,0,0,3,5,4,4,5,6,3,1,1.0,1.0,1,0,0,1,1.0,0
213,,3,3,350.0,450.0,5,5,2.0,5200.0,5200.0,0.0,0,0,3,5,1,1,5,6,3,1,1.0,1.0,1,1,1,1,1.0,2
214,,3,3,303.0,220.0,6,6,2.0,3300.0,3300.0,0.0,0,0,3,5,3,3,5,6,2,1,1.0,1.0,1,0,0,1,1.0,2
215,,3,3,351.0,198.0,4,3,1.0,4900.0,4900.0,0.0,0,0,3,5,2,2,5,6,3,1,1.0,2.0,1,0,0,1,1.0,1
216,,3,3,200.0,300.0,5,4,2.0,4250.0,4250.0,0.0,0,0,3,5,3,3,5,6,3,1,1.0,2.0,1,0,0,1,1.0,2
217,,2,2,60.0,50.0,2,1,1.0,750.0,750.0,0.0,0,0,3,5,3,3,5,6,2,1,1.0,1.0,1,0,0,1,1.0,0
218,,2,2,70.0,120.0,4,4,2.0,1500.0,1500.0,0.0,0,0,3,5,2,2,5,6,3,1,1.0,2.0,1,0,0,1,1.0,0
219,,2,2,210.0,210.0,5,2,1.5,1500.0,1500.0,0.0,0,0,3,5,4,4,5,6,2,1,1.0,2.0,1,0,0,1,1.0,0
220,,3,3,230.0,270.0,4,4,2.0,5500.0,5500.0,0.0,0,0,3,5,3,3,5,6,3,1,1.0,1.0,1,1,1,1,1.0,0
221,,2,2,120.0,140.0,4,4,1.0,2500.0,2500.0,0.0,0,0,3,5,3,3,5,6,3,1,1.0,1.0,1,0,0,1,1.0,1
222,,3,3,360.0,600.0,6,7,2.0,11000.0,13500.0,0.0,0,0,3,5,3,3,5,6,3,0,0.0,2.0,1,0,0,1,3.0,2
223,,3,3,792.0,500.0,6,5,2.0,20000.0,17000.0,0.0,0,0,3,5,3,3,5,6,3,1,1.0,3.0,1,1,1,1,6.0,2
224,,3,3,252.0,290.0,5,4,2.0,6000.0,7250.0,0.0,0,0,3,5,1,1,5,6,3,0,0.0,2.0,1,0,0,1,3.0,2
225,,3,3,300.0,450.0,4,4,2.0,8000.0,7000.0,6300.0,1,1,3,5,2,2,5,6,3,1,1.0,3.0,1,0,0,1,6.0,2
226,,4,4,2000.0,1475.0,8,9,2.0,120000.0,105000.0,0.0,0,0,3,5,3,3,5,6,3,1,1.0,2.0,0,0,0,1,3.0,2
227,,3,3,450.0,400.0,5,5,2.0,12000.0,11500.0,0.0,0,0,3,5,2,2,5,6,3,0,0.0,2.0,1,0,0,1,6.0,2
228,,3,3,252.0,270.0,5,4,2.0,5500.0,5000.0,0.0,0,0,4,4,4,4,1,1,3,0,0.0,2.0,1,1,1,1,12.0,2
229,,3,3,875.0,600.0,7,5,2.0,20000.0,18000.0,0.0,0,0,4,4,3,3,5,6,3,0,0.0,3.0,0,0,0,1,12.0,2
230,,3,3,412.0,370.0,5,4,2.0,11000.0,9800.0,0.0,0,0,3,5,3,3,4,4,3,1,1.0,2.0,1,0,0,1,6.0,2
231,,3,3,375.0,300.0,5,4,2.0,10000.0,11000.0,8900.0,1,1,4,4,4,4,5,6,3,1,1.0,2.0,1,0,0,1,2.0,2
232,,3,3,240.0,200.0,5,4,2.0,5000.0,5500.0,0.0,0,0,4,4,2,2,5,6,3,0,0.0,1.0,1,0,0,1,4.0,1
233,,3,3,210.0,180.0,4,2,2.0,4500.0,3600.0,0.0,0,0,3,5,3,3,5,6,3,1,1.0,2.0,1,0,0,1,6.0,2
234,,3,3,171.0,120.0,4,2,2.0,2400.0,2600.0,0.0,0,0,3,5,3,3,5,6,3,0,0.0,2.0,1,0,0,1,3.0,2
235,,3,3,105.0,70.0,2,1,1.0,1200.0,1400.0,1000.0,1,1,3,5,2,2,5,6,2,1,1.0,3.0,1,0,0,1,3.0,1
236,,3,3,450.0,370.0,6,4,2.0,8500.0,9000.0,7300.0,1,1,3,5,1,1,1,1,3,1,1.0,3.0,1,0,0,1,12.0,2
237,,4,4,800.0,1200.0,8,7,2.0,30000.0,40000.0,0.0,0,0,4,4,4,4,5,6,3,0,0.0,2.0,1,1,1,1,12.0,1
238,,3,3,90.0,120.0,4,2,2.0,1800.0,2000.0,0.0,0,0,2,3,2,2,5,6,3,0,0.0,1.0,1,0,0,1,5.0,1
239,,2,2,90.0,100.0,3,2,2.0,1500.0,1600.0,0.0,0,0,2,3,4,4,5,6,3,1,1.0,1.0,1,0,0,1,2.0,1
240,,2,2,120.0,100.0,3,2,2.0,2000.0,2400.0,0.0,0,0,2,3,2,2,5,6,3,0,0.0,1.0,1,1,1,1,6.0,1
241,,2,2,72.0,45.0,2,1,1.0,850.0,900.0,0.0,0,0,2,3,2,2,1,1,2,0,0.0,2.0,1,0,0,1,12.0,1
242,,3,3,252.0,250.0,5,3,2.0,5000.0,4500.0,0.0,0,0,3,5,4,4,5,6,3,0,0.0,2.0,1,1,1,1,12.0,1
243,,3,3,240.0,200.0,5,3,2.0,5000.0,5500.0,4800.0,1,1,4,4,2,2,5,6,3,0,0.0,1.0,1,0,0,1,6.0,1
244,,3,3,128.0,160.0,4,3,2.0,3600.0,4000.0,0.0,0,0,2,3,2,2,5,6,3,0,0.0,1.0,1,0,0,1,4.0,1
245,,3,3,600.0,780.0,7,6,2.0,12500.0,14000.0,0.0,0,0,3,5,3,3,5,6,3,0,0.0,2.0,1,0,0,2,12.0,1
246,,3,3,200.0,220.0,5,3,2.0,4000.0,3300.0,0.0,0,0,3,5,1,1,2,3,3,1,1.0,2.0,0,0,0,1,8.0,1
247,,3,3,240.0,200.0,4,2,2.0,5000.0,4800.0,0.0,0,0,3,5,2,2,5,6,3,1,1.0,2.0,1,0,0,1,3.0,1
248,,3,3,800.0,1000.0,7,7,2.0,25000.0,23000.0,0.0,0,0,3,5,2,2,5,6,3,0,0.0,2.0,1,1,1,1,12.0,1
249,,3,3,240.0,200.0,4,2,2.0,5000.0,5500.0,0.0,0,0,3,5,3,3,5,6,3,0,0.0,2.0,1,0,0,1,12.0,1
250,,3,3,144.0,180.0,5,3,2.0,2800.0,3300.0,0.0,0,0,2,3,4,4,5,6,3,0,0.0,2.0,1,1,1,1,8.0,1
251,,3,3,128.0,160.0,5,4,2.5,2800.0,3200.0,0.0,0,0,2,3,3,3,5,6,3,0,0.0,1.0,1,1,1,1,4.0,1
252,,3,3,90.0,120.0,3,2,2.0,1400.0,1700.0,0.0,0,0,3,5,3,3,5,6,2,0,0.0,2.0,1,0,0,1,6.0,1
253,,2,2,180.0,100.0,4,2,1.0,2100.0,1900.0,0.0,0,0,3,5,2,2,5,6,2,1,1.0,3.0,1,0,0,1,2.0,1
254,,2,2,225.0,300.0,5,4,2.0,2800.0,2800.0,0.0,0,0,3,5,4,4,5,6,2,1,1.0,3.0,1,1,1,1,3.0,1
255,,2,2,120.0,100.0,4,2,2.0,1500.0,1600.0,1200.0,1,1,3,5,1,1,5,6,2,1,1.0,2.0,1,0,0,1,6.0,1
256,,3,3,800.0,550.0,7,4,2.0,22000.0,25000.0,17000.0,1,1,3,5,1,1,5,6,3,1,1.0,3.0,1,0,0,1,6.0,2
257,,2,2,180.0,240.0,4,4,2.0,2200.0,3000.0,0.0,0,0,3,5,3,3,5,6,2,0,0.0,3.0,1,0,0,1,3.0,1
258,,2,2,135.0,220.0,4,3,2.0,1800.0,1900.0,0.0,0,0,3,5,4,4,5,6,2,0,0.0,3.0,1,1,1,1,2.0,0
259,,2,2,90.0,120.0,4,2,2.0,1700.0,1800.0,0.0,0,0,3,5,4,4,5,6,2,1,1.0,3.0,1,0,0,1,12.0,1
260,,2,2,120.0,85.0,3,2,1.0,1100.0,900.0,0.0,0,0,3,5,1,1,1,1,2,1,1.0,3.0,0,0,0,1,14.0,1
261,,2,2,264.0,400.0,5,5,2.0,2800.0,3700.0,0.0,0,0,3,5,2,2,4,4,2,0,0.0,1.0,1,0,0,1,4.0,1
262,,2,2,240.0,400.0,5,4,2.0,4800.0,5000.0,4800.0,1,1,3,5,4,4,5,6,3,0,0.0,1.0,1,1,1,1,3.0,0
263,,2,2,300.0,200.0,5,3,1.0,4500.0,4500.0,0.0,0,0,3,5,1,1,5,6,3,0,0.0,3.0,1,1,1,1,6.0,1
264,,2,2,600.0,450.0,7,5,1.0,7000.0,6800.0,0.0,0,0,3,5,4,4,5,6,3,1,1.0,2.0,1,0,0,1,2.0,0
265,,2,2,240.0,180.0,4,4,1.0,3800.0,3500.0,0.0,0,0,3,5,3,3,5,6,3,1,1.0,2.0,1,0,0,1,7.0,1
266,,2,2,320.0,385.0,6,4,1.0,3200.0,3000.0,0.0,0,0,3,5,2,2,4,4,3,1,1.0,2.0,1,0,0,1,6.0,0
267,,2,2,240.0,400.0,5,4,2.0,5000.0,5500.0,0.0,0,0,3,5,1,1,5,6,3,0,0.0,1.0,1,0,0,1,3.0,0
268,,2,2,360.0,200.0,5,3,1.0,4800.0,5200.0,0.0,0,0,3,5,3,3,4,4,3,0,0.0,2.0,1,0,0,1,3.0,1
269,,3,3,400.0,700.0,7,5,2.0,7000.0,7500.0,0.0,0,0,3,5,3,3,5,6,3,0,0.0,2.0,1,0,0,1,3.0,1
270,,3,3,500.0,680.0,7,4,2.0,8000.0,9000.0,0.0,0,0,3,5,3,3,5,6,3,0,0.0,2.0,1,0,0,1,12.0,0
271,,1,1,300.0,215.0,4,4,1.0,3000.0,2700.0,0.0,0,0,3,5,2,2,5,6,3,1,1.0,3.0,1,1,1,1,6.0,0
272,,3,3,144.0,200.0,4,4,2.0,3600.0,4000.0,0.0,0,0,4,4,2,2,5,6,3,0,0.0,1.0,1,0,0,1,4.0,1
273,,3,3,144.0,216.0,4,4,2.0,3600.0,4200.0,0.0,0,0,3,5,1,1,5,6,3,0,0.0,2.0,1,0,0,1,2.0,1
274,,3,3,180.0,242.0,5,4,2.0,4500.0,4300.0,0.0,0,0,3,5,3,3,5,6,3,1,1.0,2.0,1,0,0,1,6.0,1
275,,3,3,180.0,236.0,5,4,2.0,4500.0,5000.0,0.0,0,0,4,4,1,1,5,6,3,0,0.0,2.0,1,1,1,1,6.0,1
276,,3,3,240.0,400.0,5,4,2.0,6000.0,7800.0,0.0,0,0,2,3,4,4,5,6,3,0,0.0,1.0,1,0,0,1,8.0,1
277,,3,3,240.0,420.0,5,4,2.0,6000.0,7000.0,0.0,0,0,2,3,2,2,5,6,3,0,0.0,1.0,1,1,1,1,6.0,1
278,,3,3,450.0,800.0,6,3,2.0,11000.0,11500.0,0.0,0,0,3,5,1,1,5,6,3,0,0.0,2.0,1,0,0,1,6.0,1
279,,3,3,600.0,1000.0,8,6,2.0,15000.0,18000.0,0.0,0,0,3,5,3,3,5,6,3,0,0.0,2.0,1,0,0,1,12.0,1
280,,3,3,240.0,400.0,5,4,2.0,4500.0,4300.0,0.0,0,0,3,5,4,4,5,6,3,0,0.0,2.0,1,0,0,1,6.0,1
281,,3,3,870.0,1450.0,8,6,2.0,23000.0,30000.0,0.0,0,0,3,5,2,2,4,4,3,0,0.0,2.0,1,1,1,1,6.0,1
282,,3,3,210.0,200.0,5,5,2.0,5000.0,5500.0,0.0,0,0,4,4,2,2,5,6,3,0,0.0,1.0,1,0,0,1,4.0,1
283,,3,3,252.0,180.0,4,2,2.0,4500.0,3600.0,3500.0,1,1,3,5,2,2,5,6,3,1,1.0,2.0,1,0,0,1,6.0,2
284,,2,2,135.0,110.0,4,2,2.0,2100.0,2000.0,1800.0,1,1,2,3,4,4,5,6,3,1,1.0,2.0,1,0,0,1,3.0,2
285,,2,2,105.0,100.0,2,1,2.0,1500.0,1400.0,1100.0,1,1,3,5,2,2,5,6,2,1,1.0,3.0,1,0,0,1,3.0,1
286,,3,3,300.0,700.0,6,4,2.5,7000.0,7800.0,7200.0,1,1,3,5,3,3,5,6,3,1,1.0,1.0,1,0,0,1,4.0,2
287,,3,3,600.0,900.0,8,7,2.0,18000.0,21000.0,0.0,0,0,4,4,4,4,5,6,3,0,0.0,2.0,1,1,1,1,12.0,1
288,,3,3,90.0,120.0,4,2,2.0,1800.0,2000.0,0.0,0,0,2,3,2,2,5,6,3,0,0.0,1.0,1,0,0,1,5.0,1
289,,2,2,90.0,100.0,3,2,2.0,1500.0,1600.0,0.0,0,0,2,3,4,4,5,6,3,1,1.0,1.0,1,0,0,1,2.0,1
290,,2,2,120.0,100.0,3,2,2.0,2000.0,2400.0,0.0,0,0,2,3,2,2,5,6,3,0,0.0,1.0,1,0,0,1,6.0,1
291,,2,2,135.0,180.0,4,2,2.0,2200.0,2100.0,0.0,0,0,2,3,2,2,5,6,2,0,0.0,1.0,1,0,0,1,3.0,1
292,,3,3,144.0,180.0,5,3,2.0,2800.0,3300.0,0.0,0,0,2,3,4,4,5,6,3,0,0.0,2.0,1,1,1,1,8.0,1
293,,3,3,128.0,160.0,5,4,2.5,2800.0,3200.0,0.0,0,0,2,3,3,3,5,6,3,0,0.0,1.0,1,1,1,1,4.0,1
294,,3,3,128.0,161.0,4,2,2.0,2400.0,2800.0,2200.0,1,1,2,3,4,4,5,6,3,1,1.0,2.0,1,0,0,1,3.0,1
295,,3,3,300.0,450.0,5,4,2.0,6000.0,6400.0,0.0,0,0,3,5,3,3,5,6,3,0,0.0,1.0,1,1,1,1,3.0,1
296,,3,3,198.0,200.0,5,4,2.5,3000.0,3200.0,0.0,0,0,2,3,4,4,4,4,3,0,0.0,1.0,1,0,0,1,4.0,1
297,,2,2,90.0,115.0,4,4,2.0,1600.0,1850.0,0.0,0,0,3,5,4,4,5,6,2,0,0.0,1.0,1,0,0,1,6.0,1
298,,2,2,90.0,132.0,4,2,2.0,1600.0,1900.0,0.0,0,0,3,5,4,4,5,6,2,0,0.0,1.0,1,0,0,1,6.0,1
299,,2,2,90.0,120.0,4,2,2.0,1600.0,1900.0,0.0,0,0,3,5,4,4,5,6,2,0,0.0,1.0,1,0,0,1,6.0,1
300,,2,2,180.0,100.0,4,2,1.0,2100.0,1900.0,0.0,0,0,3,5,2,2,5,6,2,1,1.0,3.0,1,0,0,1,2.0,1
301,,2,2,225.0,300.0,5,4,2.0,2800.0,2800.0,0.0,0,0,3,5,4,4,4,4,3,0,0.0,2.0,1,1,1,1,3.0,1
302,,2,2,162.0,130.0,4,2,2.0,1500.0,1300.0,1200.0,1,1,3,5,1,1,5,6,2,1,1.0,3.0,0,0,0,1,2.0,1
303,,3,3,800.0,1000.0,7,4,2.0,22000.0,28000.0,0.0,0,0,3,5,1,1,5,6,3,1,1.0,3.0,1,0,0,1,6.0,2
304,,3,3,775.0,580.0,7,5,2.0,20000.0,25000.0,0.0,0,0,3,5,4,4,5,6,3,0,0.0,3.0,1,0,0,2,12.0,2
305,,3,3,1000.0,1300.0,8,6,2.0,25000.0,32000.0,0.0,0,0,3,5,4,4,5,6,3,0,0.0,3.0,1,0,0,1,10.0,2
306,,3,3,800.0,923.0,7,6,2.0,22000.0,25000.0,0.0,0,0,3,5,1,1,5,6,3,0,0.0,3.0,1,0,0,1,3.0,2
307,,3,3,144.0,180.0,5,3,2.0,2400.0,2900.0,0.0,0,0,3,5,4,4,5,6,3,0,0.0,2.0,1,1,1,1,8.0,1
308,,3,3,128.0,160.0,5,4,2.5,2200.0,2600.0,0.0,0,0,3,5,1,1,5,6,3,0,0.0,1.0,1,1,1,1,4.0,1
309,,3,3,128.0,161.0,4,2,2.0,2400.0,2800.0,2200.0,1,1,3,5,4,4,5,6,3,1,1.0,1.0,1,0,0,1,6.0,1
310,,3,3,180.0,160.0,4,2,2.0,2100.0,1900.0,1600.0,0,0,3,5,1,1,1,1,3,0,0.0,2.0,1,1,1,1,3.0,1
311,,3,3,198.0,200.0,5,4,2.5,3000.0,3200.0,0.0,0,0,3,5,4,4,4,4,3,0,0.0,2.0,1,0,0,1,4.0,1
312,,3,3,252.0,250.0,5,4,2.0,5000.0,4700.0,4400.0,1,1,3,5,3,3,5,6,3,0,0.0,2.0,1,0,0,2,12.0,1
313,,3,3,240.0,360.0,5,3,2.5,5000.0,5500.0,0.0,0,0,4,4,2,2,5,6,3,0,0.0,1.0,1,0,0,1,8.0,1
314,,3,3,128.0,160.0,4,3,2.0,3600.0,4100.0,0.0,0,0,2,3,3,3,5,6,3,0,0.0,1.0,1,0,0,1,4.0,1
315,,3,3,450.0,600.0,7,6,2.0,10000.0,11200.0,0.0,0,0,3,5,2,2,5,6,3,0,0.0,2.0,1,0,0,1,10.0,1
316,,3,3,200.0,312.0,5,3,2.0,4000.0,4600.0,0.0,0,0,3,5,4,4,5,6,3,1,1.0,2.0,0,0,0,1,3.0,1
317,,4,4,180.0,700.0,0,4,4.0,15000.0,17500.0,0.0,0,0,4,4,4,4,5,6,3,0,0.0,1.0,1,0,0,1,6.0,2
318,,4,4,180.0,625.0,0,3,3.5,14000.0,16000.0,0.0,0,0,4,4,4,4,5,6,3,0,0.0,2.0,1,0,0,1,6.0,2
319,,4,4,360.0,1500.0,0,3,4.0,30000.0,32000.0,0.0,0,0,4,4,4,4,5,6,3,0,0.0,1.0,1,0,0,2,12.0,2
320,,3,3,144.0,200.0,4,4,2.0,3300.0,3600.0,0.0,0,0,4,4,3,3,5,6,3,0,0.0,2.0,1,0,0,1,6.0,1
321,,3,3,162.0,220.0,5,4,2.0,3600.0,3500.0,0.0,0,0,4,4,1,1,5,6,3,0,0.0,2.0,1,1,1,1,7.0,1
322,,2,2,120.0,150.0,4,3,2.0,1800.0,1690.0,1670.0,0,0,2,3,3,3,5,6,3,0,0.0,,1,0,0,1,,0
323,,2,2,105.0,140.0,3,3,2.0,1500.0,1390.0,1350.0,0,0,3,5,3,3,5,6,3,0,0.0,,1,0,0,1,,0
324,,3,3,230.0,280.0,3,3,2.0,4500.0,3300.0,3200.0,0,0,4,4,3,3,5,6,2,1,1.0,,1,0,0,1,,1
325,,3,3,210.0,280.0,3,3,2.0,4500.0,3850.0,3800.0,0,0,3,5,4,4,5,6,3,0,0.0,,1,1,1,1,,1
326,,2,2,258.0,258.0,3,3,1.0,4500.0,3000.0,2900.0,0,0,3,5,2,2,1,1,2,1,1.0,,0,0,0,1,,1
327,,2,2,225.0,200.0,3,2,1.0,2500.0,1775.0,1700.0,1,1,3,5,3,3,5,6,2,1,1.0,,1,0,0,1,,0
328,,3,3,171.0,155.0,3,3,2.0,4000.0,2950.0,2950.0,1,1,3,5,3,3,5,6,3,1,1.0,,1,0,0,1,,1
329,,3,3,171.0,245.0,4,3,2.0,3500.0,3000.0,3000.0,0,0,3,5,4,4,5,6,2,1,1.0,,1,1,1,1,,1
330,,3,3,171.0,219.0,4,3,2.0,3500.0,3500.0,3400.0,0,0,4,4,2,2,5,6,2,0,0.0,,1,0,0,1,,1
331,,3,3,300.0,250.0,3,3,2.0,5000.0,4800.0,4700.0,0,0,4,4,4,4,4,4,2,0,0.0,,1,0,0,1,,0
332,,3,3,240.0,280.0,4,3,2.0,4200.0,3900.0,3850.0,1,1,3,5,2,2,5,6,2,0,0.0,,1,0,0,1,,1
333,,3,3,240.0,360.0,4,3,2.0,4000.0,3500.0,3450.0,1,1,4,4,2,2,5,6,2,1,1.0,,1,0,0,1,,1
334,,3,3,200.0,258.0,4,3,2.0,3500.0,3750.0,3700.0,0,0,2,3,2,2,5,6,2,0,0.0,,1,0,0,1,,1
335,,3,3,150.0,192.0,3,2,2.0,3500.0,3500.0,3400.0,0,0,4,4,2,2,5,6,3,0,0.0,,1,0,0,1,,1
336,,3,3,426.0,350.0,4,3,2.0,7500.0,7500.0,7300.0,0,0,4,4,3,3,5,6,3,0,0.0,,1,0,0,1,,1
337,,3,3,375.0,500.0,3,3,2.0,5000.0,6000.0,5700.0,0,0,4,4,4,4,1,1,3,0,0.0,,1,1,1,1,,1
338,,3,3,150.0,180.0,4,4,3.0,4500.0,4900.0,4800.0,1,1,4,4,2,2,5,6,3,0,0.0,,1,0,0,1,,1
339,,3,3,180.0,280.0,4,3,2.0,4000.0,4300.0,4000.0,0,0,4,4,2,2,5,6,3,0,0.0,,0,0,0,1,,1
340,,3,3,210.0,280.0,3,3,2.0,4000.0,4000.0,3850.0,0,0,4,4,2,2,5,6,3,0,0.0,,1,0,0,1,,1
341,,2,2,105.0,154.0,4,4,2.0,2000.0,2375.0,2300.0,0,0,3,5,3,3,5,6,2,0,0.0,,1,0,0,1,,0
342,,2,2,120.0,176.0,4,3,2.0,2300.0,2150.0,2000.0,1,1,4,4,3,3,5,6,2,0,0.0,,1,0,0,1,,0
343,,3,3,176.0,200.0,4,3,2.0,4000.0,3600.0,3500.0,1,1,2,3,3,3,1,1,3,0,0.0,,1,0,0,1,,0
344,,2,2,150.0,128.0,3,2,1.0,1500.0,1450.0,1400.0,0,0,3,5,1,1,5,6,2,1,1.0,,1,0,0,1,,1
345,,3,3,180.0,300.0,4,5,2.0,3500.0,3450.0,3400.0,0,0,3,5,3,3,5,6,3,0,0.0,,1,0,0,1,,1
346,,2,2,84.0,150.0,3,2,2.0,1500.0,1600.0,1500.0,0,0,3,5,3,3,5,6,2,1,1.0,,1,0,0,1,,1
347,,1,1,104.0,98.0,3,2,1.0,1000.0,890.0,860.0,1,1,3,5,2,2,5,6,2,0,0.0,,1,0,0,1,,1
348,,1,1,64.0,70.0,2,2,2.0,750.0,685.0,680.0,1,1,3,5,2,2,5,6,2,1,1.0,,1,0,0,1,,1
349,,2,2,180.0,250.0,3,4,2.0,3000.0,2800.0,2700.0,0,0,3,5,2,2,5,6,2,0,0.0,,1,0,0,1,,1
350,,3,3,198.0,250.0,5,5,2.0,3500.0,3600.0,3500.0,0,0,3,5,2,2,5,6,2,0,0.0,,1,0,0,1,,0
351,,2,2,84.0,120.0,3,2,2.0,1500.0,1400.0,1350.0,1,1,3,5,2,2,5,6,2,0,0.0,,1,0,0,1,,1
352,,2,2,80.0,125.0,3,2,2.0,1500.0,1450.0,1400.0,0,0,3,5,3,3,5,6,2,0,0.0,,1,0,0,1,,1
353,,3,3,240.0,280.0,5,4,2.0,5500.0,5500.0,5400.0,0,0,3,5,3,3,5,6,2,0,0.0,,1,1,1,1,,1
354,,3,3,162.0,170.0,3,2,2.0,3200.0,2750.0,2700.0,1,1,4,4,2,2,5,6,2,1,1.0,,1,0,0,1,,1
355,,3,3,180.0,130.0,3,2,1.0,2800.0,2600.0,2500.0,0,0,4,4,3,3,5,6,2,0,0.0,,1,0,0,1,,1
356,,3,3,240.0,288.0,4,4,2.0,3500.0,3800.0,3700.0,0,0,3,5,3,3,5,6,2,0,0.0,,1,0,0,1,,0
357,,3,3,240.0,271.0,4,4,2.0,5500.0,4500.0,4400.0,1,1,4,4,3,3,5,6,3,1,1.0,,1,0,0,1,,0
358,,3,3,240.0,319.0,4,5,2.0,4500.0,4700.0,4500.0,0,0,3,5,2,2,5,6,2,0,0.0,,1,0,0,1,,0
359,,3,3,240.0,288.0,4,4,2.0,4200.0,3800.0,3700.0,0,0,3,5,2,2,5,6,2,0,0.0,,1,0,0,1,,0
360,,3,3,240.0,186.0,4,3,2.0,4000.0,4650.0,4500.0,0,0,3,5,2,2,5,6,2,0,0.0,,1,0,0,1,,0
361,,3,3,240.0,200.0,3,2,2.0,5000.0,3750.0,3750.0,0,0,4,4,4,4,5,6,2,1,1.0,,0,0,0,1,,0
362,,3,3,200.0,245.0,3,3,2.0,3800.0,3600.0,3500.0,0,0,3,5,3,3,5,6,2,0,0.0,,1,0,0,1,,0
363,,2,2,180.0,184.0,3,2,1.0,2000.0,1500.0,1500.0,1,1,3,5,3,3,5,6,2,0,0.0,3.0,0,0,0,1,,1
364,,2,2,162.0,125.0,3,1,1.0,2000.0,1650.0,1500.0,1,1,3,5,2,2,5,6,2,0,0.0,3.0,0,0,0,1,,0
365,,2,2,210.0,290.0,5,4,2.0,2800.0,3100.0,3000.0,0,0,3,5,4,4,4,4,2,0,0.0,,1,0,0,1,,0
366,,2,2,84.0,56.0,2,1,1.0,950.0,800.0,750.0,1,1,4,4,3,3,5,6,2,0,,,1,0,0,1,6.0,1
367,,2,2,180.0,198.0,7,5,2.0,2000.0,1775.0,1550.0,1,1,2,3,3,3,4,4,2,1,1.0,,1,0,0,1,2.0,1
368,,2,2,60.0,100.0,3,2,2.0,1400.0,1350.0,1275.0,1,1,3,5,4,4,5,6,2,0,,1.0,1,0,0,1,6.0,1
369,,2,2,126.0,220.0,4,4,2.0,2500.0,2500.0,2150.0,1,1,3,5,1,1,1,1,3,0,,2.0,1,1,1,1,8.0,0
370,,2,2,54.0,138.0,2,3,3.0,2000.0,2200.0,1750.0,1,1,4,4,4,4,5,6,3,1,1.0,2.0,0,0,0,1,3.0,1
371,,2,2,135.0,120.0,4,3,1.5,1800.0,1600.0,1500.0,1,1,3,5,4,4,5,6,2,0,,2.0,1,0,0,1,4.0,0
372,,2,2,300.0,250.0,6,4,2.0,2900.0,2300.0,0.0,0,0,3,5,4,4,5,6,3,0,0.0,3.0,0,0,0,1,8.0,1
373,,2,2,96.0,84.0,3,2,1.0,1500.0,1500.0,1350.0,1,1,3,5,3,3,5,6,2,0,,1.0,1,0,0,1,5.0,0
374,,2,2,210.0,250.0,5,4,2.0,4500.0,4350.0,4200.0,1,1,3,5,3,3,5,6,3,0,,2.0,1,0,0,1,6.0,0
375,,2,2,240.0,225.0,5,5,1.5,2000.0,2400.0,0.0,0,0,3,5,4,4,5,6,2,0,0.0,3.0,0,0,0,2,15.0,1
376,,2,2,115.0,120.0,4,4,2.0,1500.0,1500.0,1375.0,1,1,3,5,2,2,5,6,3,0,,1.0,1,0,0,1,7.0,1
377,,2,2,355.0,300.0,4,3,1.5,6500.0,6250.0,0.0,0,0,3,5,2,2,5,6,3,0,,2.0,1,0,0,1,8.0,0
378,,2,2,200.0,300.0,5,3,2.0,1800.0,2100.0,0.0,0,0,3,5,2,2,5,6,3,0,,2.0,1,0,0,1,5.0,1
379,,2,2,360.0,275.0,4,3,1.0,3500.0,3100.0,0.0,0,0,3,5,1,1,1,1,3,0,,2.0,0,0,0,2,18.0,0
380,,2,2,72.0,36.0,1,1,1.0,750.0,750.0,750.0,1,1,2,3,1,1,5,6,3,0,0.0,1.0,1,0,0,1,,0
381,,2,2,101.0,90.0,2,1,1.0,739.0,739.0,700.0,1,1,3,5,3,3,5,6,2,0,0.0,2.0,1,0,0,2,12.0,0
382,,2,2,90.0,62.0,2,1,1.0,445.0,445.0,400.0,1,1,4,4,2,2,5,6,2,0,0.0,1.0,1,0,0,2,12.0,0
383,,2,2,54.0,54.0,2,2,2.0,790.0,790.0,750.0,1,1,3,5,1,1,5,6,2,0,0.0,1.0,1,0,0,2,12.0,0
384,,2,2,70.0,53.0,2,1,1.0,460.0,460.0,460.0,1,1,3,5,3,3,5,6,2,0,0.0,1.0,1,0,0,2,12.0,0
385,,2,2,91.0,91.0,2,1,1.0,675.0,675.0,650.0,1,1,4,4,3,3,5,6,2,0,0.0,2.0,1,0,0,2,24.0,0
386,,2,2,72.0,72.0,2,1,1.0,420.0,420.0,420.0,1,1,3,5,1,1,5,6,2,0,0.0,2.0,1,0,0,2,24.0,0
387,,2,2,144.0,170.0,4,3,2.0,1675.0,1675.0,1500.0,1,1,3,5,2,2,5,6,2,0,0.0,1.0,1,0,0,2,24.0,0
388,,4,4,239.0,379.0,3,3,2.0,5000.0,5000.0,4750.0,1,1,4,4,4,4,5,6,3,0,0.0,2.0,1,0,0,2,24.0,0
389,,2,2,200.0,200.0,3,1,1.0,775.0,775.0,725.0,1,1,3,5,1,1,5,6,2,0,0.0,2.0,1,0,0,2,24.0,0
390,,2,2,244.0,244.0,5,3,2.0,1500.0,1500.0,1300.0,1,1,4,4,4,4,5,6,3,0,0.0,1.0,1,0,0,2,24.0,1
391,,2,2,72.0,72.0,2,1,1.0,650.0,650.0,650.0,1,1,3,5,3,3,5,6,2,0,0.0,1.0,1,0,0,2,24.0,0
392,,2,2,40.0,40.0,2,1,1.0,635.0,635.0,600.0,1,1,3,5,4,4,5,6,2,0,0.0,1.0,1,0,0,2,24.0,0
393,,1,1,42.0,72.0,2,1,2.0,375.0,375.0,370.0,1,1,3,5,2,2,5,6,2,0,0.0,1.0,1,0,0,2,24.0,0
394,,3,3,120.0,140.0,4,3,2.0,2350.0,2350.0,2300.0,1,1,3,5,2,2,5,6,3,0,0.0,1.0,1,0,0,2,24.0,2
395,,2,2,60.0,32.0,2,1,1.0,300.0,300.0,300.0,1,1,4,4,2,2,5,6,2,0,0.0,1.0,1,0,0,2,24.0,0
396,,2,2,96.0,80.0,2,1,1.0,1000.0,1000.0,950.0,1,1,3,5,2,2,5,6,2,0,0.0,2.0,1,0,0,3,36.0,0
397,,2,2,46.0,90.0,3,2,2.0,780.0,780.0,0.0,0,0,3,5,2,2,5,6,2,0,0.0,1.0,0,0,0,2,12.0,1
398,,2,2,84.0,84.0,3,1,1.0,750.0,750.0,0.0,0,0,3,5,3,3,2,3,2,0,0.0,2.0,1,0,0,1,11.0,1
399,,2,2,60.0,50.0,2,1,1.0,775.0,775.0,0.0,0,0,3,5,3,3,5,6,2,0,0.0,1.0,0,0,0,1,11.0,0
400,,2,2,84.0,100.0,2,1,2.0,1150.0,1150.0,0.0,0,0,3,5,2,2,5,6,2,0,0.0,2.0,1,0,0,2,12.0,0
401,,2,2,90.0,36.0,2,1,1.0,425.0,425.0,0.0,0,0,3,5,2,2,5,6,2,0,0.0,2.0,0,0,0,2,24.0,0
402,,3,3,50.0,95.0,3,2,3.0,1500.0,1500.0,0.0,0,0,4,4,2,2,5,6,3,0,0.0,1.0,1,0,0,2,24.0,0
403,,2,2,75.0,120.0,3,3,2.0,1400.0,1400.0,0.0,0,0,3,5,2,2,5,6,2,0,0.0,1.0,0,0,0,1,11.0,1
404,,2,2,75.0,120.0,3,3,2.0,1400.0,1400.0,0.0,0,0,3,5,4,4,5,6,2,0,0.0,1.0,0,0,0,1,11.0,1
405,,2,2,75.0,120.0,3,3,2.0,1400.0,1400.0,0.0,0,0,3,5,2,2,4,4,2,0,0.0,1.0,0,0,0,1,11.0,1
406,,2,2,75.0,120.0,4,3,2.0,1400.0,1400.0,0.0,0,0,3,5,4,4,5,6,2,0,0.0,1.0,0,0,0,1,11.0,1
407,,2,2,94.0,150.0,5,4,2.0,2200.0,2200.0,0.0,0,0,3,5,4,4,5,6,3,0,0.0,1.0,1,0,0,1,11.0,0
408,,2,2,95.0,150.0,5,4,2.0,2200.0,2200.0,0.0,0,0,3,5,3,3,5,6,3,0,0.0,1.0,1,0,0,1,11.0,0
409,,2,2,92.0,150.0,5,4,2.0,2200.0,2200.0,2200.0,1,1,3,5,3,3,4,4,3,0,0.0,1.0,1,0,0,1,11.0,0
410,,2,2,77.0,120.0,4,3,2.0,1350.0,1350.0,1350.0,1,1,3,5,4,4,4,4,3,0,0.0,1.0,1,0,0,1,11.0,2
411,,2,2,75.0,120.0,3,3,2.0,1350.0,1350.0,0.0,0,0,3,5,4,4,5,6,3,0,0.0,1.0,1,0,0,1,11.0,1
412,,2,2,74.0,120.0,4,4,2.0,1350.0,1350.0,0.0,0,0,3,5,2,2,5,6,3,0,0.0,1.0,1,0,0,1,11.0,1
413,,2,2,78.0,120.0,3,3,2.0,1350.0,1350.0,0.0,0,0,3,5,2,2,5,6,3,0,0.0,1.0,1,0,0,1,11.0,1
414,,2,2,78.0,120.0,4,4,2.0,1350.0,1350.0,0.0,0,0,3,5,2,2,5,6,3,0,0.0,1.0,1,0,0,1,11.0,1
415,,2,2,100.0,75.0,3,2,2.0,1450.0,1450.0,0.0,0,0,3,5,2,2,5,6,2,0,0.0,1.0,0,0,0,1,11.0,1
416,,3,3,347.0,500.0,5,5,2.0,8500.0,8500.0,0.0,0,0,3,5,1,1,5,6,3,0,0.0,1.0,1,0,0,2,12.0,0
417,,3,3,300.0,1050.0,8,8,3.5,15000.0,15000.0,0.0,0,0,1,1,3,3,5,6,3,0,0.0,2.0,1,0,0,2,12.0,1
418,,2,2,450.0,300.0,4,3,1.0,7700.0,7700.0,0.0,0,0,3,5,4,4,5,6,3,0,0.0,2.0,1,0,0,2,12.0,1
419,,3,3,450.0,500.0,8,4,2.0,12500.0,12500.0,0.0,0,0,3,5,2,2,5,6,3,0,0.0,2.0,1,0,0,2,12.0,0
420,,2,2,90.0,225.0,12,12,3.0,800.0,800.0,0.0,0,0,3,5,2,2,5,6,2,1,1.0,1.0,1,0,0,2,12.0,0
421,,2,2,153.0,153.0,4,2,1.0,900.0,900.0,0.0,0,0,3,5,3,3,5,6,2,1,1.0,1.0,1,0,0,2,12.0,1
422,,3,3,735.0,520.0,6,6,2.0,29000.0,29000.0,0.0,0,0,3,5,1,1,5,6,3,0,0.0,2.0,1,0,0,2,12.0,0
423,,2,2,55.0,110.0,3,2,2.0,875.0,875.0,0.0,0,0,3,5,4,4,5,6,2,0,0.0,1.0,1,0,0,1,11.0,2
424,,2,2,120.0,210.0,3,2,2.0,1600.0,1600.0,0.0,0,0,3,5,2,2,5,6,2,0,0.0,1.0,1,0,0,2,12.0,0
425,,3,3,250.0,300.0,5,4,2.0,3450.0,3450.0,0.0,0,0,3,5,4,4,5,6,3,0,0.0,2.0,1,0,0,2,24.0,0
426,,2,2,72.0,110.0,3,3,2.0,1650.0,1650.0,0.0,0,0,3,5,2,2,5,6,3,0,0.0,1.0,0,0,0,1,11.0,1
427,,2,2,112.5,150.0,5,4,2.0,2400.0,2400.0,0.0,0,0,3,5,3,3,4,4,2,0,0.0,1.0,0,0,0,1,11.0,1
428,,2,2,105.0,150.0,5,4,2.0,2400.0,2400.0,0.0,0,0,3,5,3,3,5,6,2,0,0.0,1.0,0,0,0,1,11.0,1
429,,2,2,120.0,200.0,4,3,2.0,2350.0,2350.0,0.0,0,0,3,5,4,4,5,6,2,1,1.0,1.0,1,0,0,2,12.0,0
430,,3,3,128.0,120.0,4,4,2.0,3600.0,3600.0,0.0,0,0,2,3,2,2,5,6,3,0,0.0,1.0,1,1,1,2,12.0,2
431,,3,3,264.0,330.0,5,4,2.0,4750.0,4750.0,0.0,0,0,3,5,3,3,5,6,3,0,0.0,1.0,1,0,0,1,11.0,1
432,,2,2,90.0,75.0,2,1,1.0,820.0,820.0,0.0,0,0,4,4,3,3,5,6,2,0,0.0,1.0,1,0,0,1,11.0,0
433,,2,2,96.0,150.0,3,2,2.0,1000.0,1000.0,0.0,0,0,3,5,3,3,5,6,2,0,0.0,1.0,1,0,0,1,11.0,0
434,,2,2,105.0,40.0,2,1,1.0,1200.0,1200.0,0.0,0,0,3,5,2,2,5,6,2,0,0.0,1.0,1,0,0,1,11.0,0
435,,2,2,120.0,160.0,4,3,2.0,1300.0,1300.0,0.0,0,0,3,5,3,3,5,6,2,0,0.0,1.0,1,0,0,1,11.0,0
436,,2,2,72.0,39.0,2,1,1.0,655.0,655.0,0.0,0,0,2,3,3,3,5,6,2,0,0.0,1.0,1,0,0,1,11.0,0
437,,2,2,126.0,180.0,4,2,1.5,1200.0,1200.0,0.0,0,0,4,4,3,3,5,6,2,0,0.0,1.0,1,1,1,1,11.0,0
438,,2,2,120.0,72.0,2,1,1.0,900.0,900.0,0.0,0,0,4,4,2,2,5,6,2,0,0.0,1.0,1,0,0,1,11.0,0
439,,2,2,121.0,165.0,5,4,2.0,2600.0,2600.0,0.0,0,0,3,5,3,3,5,6,3,0,0.0,1.0,1,0,0,1,11.0,1
440,,2,2,116.0,155.0,4,4,2.0,2600.0,2600.0,0.0,0,0,3,5,3,3,4,4,3,0,0.0,1.0,1,0,0,1,11.0,1
441,,2,2,70.0,120.0,4,4,2.0,1600.0,1600.0,0.0,0,0,3,5,2,2,5,6,2,0,0.0,1.0,1,0,0,1,11.0,1
442,,2,2,240.0,330.0,5,4,2.0,5300.0,5300.0,0.0,0,0,3,5,2,2,5,6,3,0,0.0,1.0,1,0,0,1,11.0,1
443,,2,2,69.0,70.0,2,3,2.0,1300.0,1300.0,1300.0,1,1,3,5,4,4,5,6,3,0,0.0,1.0,1,0,0,2,12.0,1
444,,2,2,35.0,70.0,2,2,2.0,850.0,850.0,850.0,1,1,3,5,1,1,5,6,2,0,0.0,1.0,1,0,0,2,12.0,1
445,,2,2,60.0,90.0,3,2,2.0,1050.0,1050.0,1050.0,1,1,3,5,3,3,5,6,3,0,0.0,1.0,1,0,0,2,12.0,0
446,,2,2,76.0,115.0,4,4,2.0,1150.0,1150.0,1150.0,1,1,3,5,2,2,5,6,3,0,0.0,1.0,1,0,0,2,24.0,0
447,,2,2,70.0,110.0,4,4,2.0,1150.0,1150.0,1150.0,1,1,3,5,2,2,5,6,3,0,0.0,1.0,1,0,0,3,36.0,0
448,,2,2,66.0,110.0,3,3,2.0,1000.0,1000.0,1000.0,1,1,3,5,2,2,4,4,3,0,0.0,1.0,1,0,0,2,24.0,0
449,,2,2,87.0,120.0,4,4,2.0,1600.0,1600.0,0.0,0,0,3,5,2,2,5,6,3,0,0.0,1.0,1,0,0,2,24.0,1
450,,2,2,296.0,244.0,5,4,2.0,3900.0,3900.0,0.0,0,0,3,5,3,3,4,4,3,0,0.0,2.0,1,0,0,2,24.0,1
451,,3,3,60.0,70.0,2,2,2.0,1900.0,1900.0,0.0,0,0,4,4,3,3,5,6,3,0,0.0,1.0,1,0,0,2,24.0,2
452,,2,2,112.0,112.0,3,4,2.0,750.0,750.0,0.0,0,0,4,4,3,3,5,6,2,0,0.0,1.0,1,0,0,2,24.0,0
453,,2,2,100.0,150.0,3,1,1.5,675.0,675.0,0.0,0,0,3,5,1,1,5,6,2,1,1.0,2.0,1,0,0,1,11.0,0
454,,2,2,108.0,144.0,4,3,2.0,2650.0,2650.0,0.0,0,0,3,5,3,3,5,6,3,0,0.0,1.0,1,0,0,1,11.0,1
455,,2,2,145.0,230.0,5,4,2.0,4000.0,4000.0,0.0,0,0,3,5,2,2,5,6,3,0,0.0,1.0,1,0,0,1,11.0,1
456,,2,2,162.0,220.0,5,5,2.0,3750.0,3750.0,0.0,0,0,3,5,3,3,5,6,3,0,0.0,1.0,1,0,0,2,12.0,1
457,,2,2,240.0,200.0,3,3,1.0,3850.0,3850.0,0.0,0,0,3,5,1,1,5,6,3,0,0.0,2.0,1,1,1,2,24.0,1
458,,2,2,120.0,190.0,4,4,2.0,2650.0,2650.0,0.0,0,0,3,5,3,3,5,6,3,0,0.0,2.0,1,0,0,1,11.0,1
459,,2,2,395.0,400.0,7,5,1.5,5250.0,5250.0,0.0,0,0,3,5,2,2,5,6,3,0,0.0,2.0,1,0,0,2,12.0,1
460,,2,2,252.0,180.0,4,3,1.0,2850.0,2850.0,0.0,0,0,3,5,1,1,4,4,3,0,0.0,2.0,1,0,0,1,11.0,1
461,,2,2,100.0,120.0,4,4,2.0,1950.0,1950.0,0.0,0,0,3,5,3,3,5,6,3,0,0.0,1.0,1,0,0,1,11.0,1
462,,2,2,193.0,240.0,5,4,2.0,2700.0,2700.0,0.0,0,0,3,5,2,2,4,4,3,0,0.0,1.0,1,0,0,1,11.0,1
463,,3,3,375.0,600.0,5,4,2.0,12000.0,12000.0,0.0,0,0,3,5,1,1,5,6,3,0,0.0,2.0,1,0,0,1,11.0,2
464,,3,3,798.0,1476.0,8,7,3.0,30000.0,30000.0,0.0,0,0,3,5,3,3,5,6,3,0,0.0,2.0,1,0,0,1,11.0,2
465,,3,3,300.0,400.0,6,4,2.0,9500.0,9500.0,0.0,0,0,4,4,2,2,5,6,3,0,0.0,2.0,1,0,0,1,11.0,2
466,,2,2,60.0,54.0,3,2,2.0,650.0,650.0,0.0,0,0,3,5,3,3,5,6,2,0,0.0,1.0,1,0,0,1,11.0,2
467,,2,2,84.0,66.0,2,1,1.0,950.0,950.0,0.0,0,0,3,5,3,3,5,6,2,0,0.0,2.0,0,0,0,1,11.0,2
468,,2,2,120.0,77.0,3,2,1.0,1500.0,1500.0,0.0,0,0,4,4,2,2,5,6,2,0,0.0,1.0,1,0,0,1,11.0,1
469,,2,2,96.0,120.0,3,2,2.0,1700.0,1700.0,0.0,0,0,3,5,3,3,5,6,2,0,0.0,1.0,1,0,0,1,11.0,1
470,,2,2,128.0,70.0,2,1,1.0,1700.0,1700.0,0.0,0,0,4,4,4,4,5,6,2,0,0.0,2.0,1,0,0,1,11.0,1
471,,2,2,230.0,120.0,4,2,1.0,4000.0,4000.0,0.0,0,0,4,4,1,1,5,6,2,0,0.0,2.0,1,0,0,1,11.0,1
472,,3,3,600.0,600.0,4,3,2.0,20000.0,20000.0,0.0,0,0,3,5,4,4,5,6,3,0,0.0,2.0,1,1,1,2,24.0,1
473,,2,2,100.0,100.0,5,3,2.5,1800.0,1800.0,0.0,0,0,1,1,2,2,5,6,3,0,0.0,2.0,1,0,0,2,24.0,1
474,,2,2,122.0,80.0,3,2,1.0,750.0,750.0,0.0,0,0,3,5,3,3,5,6,2,0,0.0,2.0,1,0,0,2,24.0,0
475,,2,2,120.0,85.0,3,1,1.0,950.0,950.0,0.0,0,0,3,5,2,2,5,6,3,0,0.0,2.0,1,0,0,2,24.0,1
476,,2,2,158.0,180.0,5,4,2.0,2200.0,2200.0,0.0,0,0,2,3,3,3,5,6,2,0,0.0,1.0,1,0,0,2,24.0,1
477,,2,2,224.0,224.0,6,3,2.0,2600.0,2600.0,0.0,0,0,3,5,1,1,5,6,2,0,0.0,2.0,1,0,0,2,24.0,1
478,,2,2,90.0,126.0,4,4,2.0,2600.0,2600.0,0.0,0,0,3,5,3,3,5,6,2,0,0.0,1.0,1,0,0,2,24.0,1
479,,3,3,157.0,182.0,5,4,2.0,3900.0,3900.0,0.0,0,0,3,5,3,3,5,6,3,0,0.0,1.0,1,0,0,2,12.0,2
480,,2,2,150.0,208.0,3,2,2.0,2200.0,2200.0,0.0,0,0,3,5,2,2,5,6,2,0,0.0,2.0,1,0,0,2,24.0,0
481,,3,3,176.0,218.0,5,4,2.0,4600.0,4600.0,0.0,0,0,3,5,3,3,5,6,3,0,0.0,1.0,1,0,0,1,11.0,2
482,,3,3,180.0,118.0,4,3,2.0,2800.0,2800.0,0.0,0,0,3,5,2,2,5,6,3,0,0.0,2.0,1,0,0,2,24.0,1
483,,2,2,96.0,110.0,4,3,2.0,750.0,750.0,0.0,0,0,3,5,3,3,5,6,2,0,0.0,2.0,1,0,0,2,24.0,0
484,,2,2,200.0,194.0,5,4,1.0,2250.0,2250.0,0.0,0,0,3,5,1,1,5,6,2,0,0.0,2.0,1,0,0,2,24.0,0
485,,2,2,72.0,72.0,2,1,1.0,780.0,780.0,0.0,0,0,3,5,3,3,5,6,2,0,0.0,1.0,1,0,0,2,24.0,0
486,,2,2,659.0,330.0,5,2,1.0,6000.0,6000.0,0.0,0,0,4,4,2,2,5,6,3,0,0.0,2.0,1,0,0,2,24.0,1
487,,2,2,153.0,153.0,5,2,2.0,1600.0,1600.0,0.0,0,0,3,5,2,2,5,6,2,0,0.0,2.0,1,0,0,2,24.0,1
488,,2,2,144.0,280.0,5,2,2.0,2200.0,2200.0,0.0,0,0,4,4,3,3,5,6,2,0,0.0,2.0,1,0,0,2,24.0,1
489,,2,2,60.0,50.0,2,1,1.0,775.0,775.0,775.0,1,1,3,5,3,3,5,6,2,0,0.0,1.0,1,0,0,2,24.0,1
